Accuracy,Average loss
0.8643643643643644,0.4773549277268283
0.908908908908909,0.295183557735591
0.9414414414414415,0.21021840964320224
0.9519519519519519,0.17148794463929726
0.9529529529529529,0.15802142107939152
0.9569569569569569,0.14293145672084168
0.9584584584584585,0.1421903597590979
0.964964964964965,0.12678317001212835
0.95995995995996,0.13578225491124238
0.9574574574574575,0.13637227291904624
