iteration,avg_loss,accuracy
0,1.519397392637912,0.9524762381190596
1,1.498725058914364,0.9684842421210605
2,1.4862093707810289,0.9789894947473737
3,1.481940092117325,0.9834917458729364
4,1.4791115427565849,0.984992496248124
5,1.4790933092812886,0.9844922461230615
6,1.4768065619075101,0.9874937468734367
7,1.477933900424276,0.984992496248124
8,1.4826151278688051,0.9789894947473737
9,1.4775712212185195,0.9854927463731866
