iteration,avg_loss,accuracy
0,1.2305308008690674,0.6220770346172436
1,0.5524913946340482,0.9591659860997683
2,0.264573869622002,0.9693661561026017
3,0.20711602292458217,0.9704328405473425
4,0.18287861222277085,0.9726662111035184
5,0.20734035489273567,0.9682328038800647
6,0.14160787595622243,0.977966299438324
7,0.15451923241466284,0.9754162569376156
8,0.14505397408486653,0.9764662744379073
9,0.1288913021997238,0.9793996566609443
