iteration,avg_loss,accuracy
0,3.3493150249510952,0.04830875975715525
1,3.3364954319115943,0.052211621856027755
2,3.072623478891118,0.052211621856027755
3,3.0506654128664703,0.06305290546400694
4,3.703642054901586,0.05117085862966175
5,3.282409995019539,0.052211621856027755
6,3.401638960301153,0.04830875975715525
7,3.54951368812052,0.053772766695576756
8,3.639114881925401,0.04830875975715525
9,3.0262826220414873,0.06296617519514311
